CustomerID,Age,Tenure,MonthlyCharges,TotalCharges,NumProducts,HasCreditCard,IsActiveMember,EstimatedSalary,Geography,Gender,Churn
CUST_0001,29,49,24.97,1172.3,1,1,0,130573.05,South,Female,0
CUST_0002,60,44,56.66,2538.44,3,0,1,115334.83,East,Female,0
CUST_0003,55,34,30.32,970.75,1,1,1,92525.27,North,Male,1
CUST_0004,45,54,32.19,1723.94,2,1,1,114144.92,South,Female,0
CUST_0005,44,7,70.58,464.76,2,1,0,108580.64,West,Male,1
CUST_0006,64,56,51.43,2888.3,1,0,1,50467.66,West,Female,0
CUST_0007,28,51,93.75,4749.23,2,1,0,91598.66,West,Female,1
CUST_0008,57,30,45.53,1352.36,2,0,1,120179.21,South,Male,0
CUST_0009,34,44,78.09,3424.15,4,1,1,61225.69,North,Female,1
CUST_0010,29,31,56.89,1726.87,4,0,1,105016.51,North,Male,0
CUST_0011,49,16,72.8,1189.05,1,0,1,82592.46,North,Female,0
CUST_0012,69,48,67.98,3274.96,3,1,0,85410.65,West,Female,0
CUST_0013,58,15,57.82,862.87,3,1,1,31707.15,West,Male,0
CUST_0014,60,19,96.0,1802.48,2,0,1,106608.23,West,Male,0
CUST_0015,58,31,47.42,1509.85,2,0,0,132539.31,East,Male,0
CUST_0016,61,51,34.18,1731.39,4,0,1,38386.07,South,Male,0
CUST_0017,48,23,74.25,1692.42,2,1,0,67593.74,South,Male,1
CUST_0018,30,30,87.68,2635.63,1,0,0,26326.77,West,Male,0
CUST_0019,63,2,23.22,131.27,2,0,1,23852.15,West,Male,0
CUST_0020,45,7,55.97,324.77,2,0,1,148655.6,East,Male,0
CUST_0021,48,3,91.4,312.69,2,0,0,84151.3,West,Male,1
CUST_0022,42,4,79.97,225.22,1,0,1,66217.47,South,Male,1
CUST_0023,33,52,99.34,5176.54,1,1,1,55734.02,South,Female,1
CUST_0024,67,51,62.51,3266.76,4,1,0,147401.64,West,Female,0
CUST_0025,60,50,72.8,3664.43,1,0,0,52792.6,South,Male,1
CUST_0026,54,3,44.2,141.13,3,1,0,114342.09,West,Female,1
CUST_0027,43,4,95.8,355.18,3,1,1,56888.55,South,Male,0
CUST_0028,62,17,49.31,839.82,3,0,0,29163.64,South,Female,1
CUST_0029,50,34,79.08,2676.12,4,1,1,108825.96,North,Male,0
CUST_0030,45,20,52.25,1005.7,1,1,1,20212.01,East,Male,0
CUST_0031,45,29,64.95,1869.06,2,1,1,107847.31,South,Female,0
CUST_0032,35,10,77.58,785.72,1,0,0,52548.96,South,Male,1
CUST_0033,29,44,60.71,2632.88,3,0,0,116993.55,East,Female,0
CUST_0034,50,19,92.57,1718.52,3,0,1,120067.52,North,Male,1
CUST_0035,65,4,53.54,146.15,4,0,1,114133.94,North,Male,0
CUST_0036,27,45,71.77,3249.19,2,1,0,23182.85,West,Male,0
CUST_0037,64,55,47.39,2633.72,1,1,1,111485.76,East,Female,0
CUST_0038,63,0,52.65,11.58,4,1,1,148718.93,East,Male,0
CUST_0039,37,26,55.2,1483.46,3,1,1,51541.3,North,Female,0
CUST_0040,54,50,30.06,1507.39,4,1,0,55651.01,East,Female,0
CUST_0041,32,43,27.34,1195.22,2,0,1,125758.45,South,Female,0
CUST_0042,59,52,73.4,3831.99,2,0,1,40851.58,East,Female,0
CUST_0043,57,25,72.44,1806.42,2,0,1,105875.88,North,Female,0
CUST_0044,41,22,73.03,1580.12,3,0,0,118153.43,East,Female,1
CUST_0045,28,43,21.58,1038.65,1,1,1,24830.89,East,Male,0
CUST_0046,69,9,46.12,392.48,4,0,0,91989.07,South,Male,1
CUST_0047,45,14,35.82,468.19,1,0,1,94864.04,North,Female,0
CUST_0048,66,36,82.25,2982.7,2,0,0,59447.58,West,Male,1
CUST_0049,56,40,88.85,3566.59,2,1,0,133924.81,East,Female,1
CUST_0050,60,7,39.73,207.87,3,1,0,41157.46,East,Male,1
CUST_0051,59,31,73.43,2332.46,3,0,0,67345.31,West,Male,1
CUST_0052,33,22,30.35,662.99,4,0,0,130326.93,East,Male,0
CUST_0053,41,30,42.01,1204.75,4,0,0,44783.56,North,Male,1
CUST_0054,46,58,31.09,1862.66,1,1,1,126778.64,South,Female,0
CUST_0055,47,4,42.68,202.0,1,0,0,30278.99,West,Female,1
CUST_0056,27,60,73.98,4375.57,4,1,1,83599.78,South,Male,1
CUST_0057,50,27,92.83,2595.27,2,1,0,29792.99,West,Male,0
CUST_0058,32,47,36.2,1734.34,1,1,1,108127.47,North,Female,0
CUST_0059,59,25,63.37,1583.74,4,0,0,122778.19,South,Male,1
CUST_0060,56,18,76.11,1449.49,3,0,1,130481.61,South,Female,0
CUST_0061,67,47,96.23,4530.77,1,0,0,147564.09,East,Female,1
CUST_0062,59,41,68.8,2819.4,4,1,0,107362.04,North,Male,0
CUST_0063,41,8,40.41,290.26,3,0,1,119978.05,North,Male,0
CUST_0064,69,43,70.04,3040.81,3,0,1,85748.58,East,Male,0
CUST_0065,43,45,45.64,2077.63,4,0,0,138655.8,South,Male,1
CUST_0066,39,23,98.09,2256.8,2,1,1,103688.59,West,Male,1
CUST_0067,66,56,51.97,2870.82,2,1,0,134861.68,West,Female,0
CUST_0068,42,39,74.83,2924.87,3,0,0,50608.76,South,Male,1
CUST_0069,28,20,21.86,433.71,1,1,0,84575.91,East,Female,1
CUST_0070,46,0,52.0,0.0,1,1,1,114876.46,South,Female,1
CUST_0071,61,41,90.01,3616.82,4,1,0,46353.83,South,Male,0
CUST_0072,33,12,68.82,854.1,1,1,0,47474.17,East,Female,1
CUST_0073,46,46,55.52,2423.83,3,0,0,147145.56,South,Male,0
CUST_0074,30,32,94.87,3046.11,2,1,1,76499.35,North,Female,0
CUST_0075,56,28,88.32,2449.06,1,1,0,43636.01,South,Female,1
CUST_0076,46,9,45.78,477.43,3,1,1,63090.3,West,Female,0
CUST_0077,40,43,63.56,2708.41,4,1,1,71658.9,South,Female,0
CUST_0078,35,10,59.19,624.87,2,1,1,101001.08,South,Male,0
CUST_0079,50,25,70.58,1744.65,1,0,1,139991.91,East,Male,0
CUST_0080,55,51,46.73,2388.92,1,1,0,148256.71,North,Male,0
CUST_0081,68,56,39.54,2251.08,1,1,0,104720.84,South,Female,0
CUST_0082,45,60,93.01,5557.47,4,0,1,110989.91,North,Male,0
CUST_0083,32,58,93.91,5496.61,2,0,0,61837.79,West,Female,1
CUST_0084,63,33,87.47,2836.83,2,1,0,131430.62,West,Male,0
CUST_0085,53,12,98.26,1193.85,1,0,0,48313.78,West,Female,1
CUST_0086,57,51,79.6,4105.73,2,1,1,33829.48,North,Female,0
CUST_0087,29,48,81.17,3929.16,4,1,1,146523.28,East,Male,0
CUST_0088,39,60,81.01,4956.42,2,1,0,132338.03,East,Male,1
CUST_0089,60,39,58.45,2241.38,3,0,1,59473.87,West,Female,0
CUST_0090,63,8,56.52,383.2,1,0,1,107772.19,North,Male,1
CUST_0091,45,30,39.22,1126.88,1,1,1,80712.39,East,Male,0
CUST_0092,62,27,71.59,1965.95,3,1,1,62006.67,North,Male,1
CUST_0093,63,51,43.15,2225.55,1,0,1,57280.65,East,Female,0
CUST_0094,42,23,40.62,939.37,2,0,0,37683.57,West,Male,0
CUST_0095,66,20,66.88,1281.45,2,0,1,91411.35,North,Male,0
CUST_0096,38,4,52.8,249.54,1,1,0,78057.57,North,Female,1
CUST_0097,36,50,37.51,1814.26,3,1,0,86584.23,West,Male,0
CUST_0098,56,46,85.28,3980.83,4,0,1,47996.43,North,Male,1
CUST_0099,54,2,88.85,320.57,1,0,1,142019.39,East,Male,1
CUST_0100,31,26,33.42,887.24,4,0,0,103016.86,East,Male,0
CUST_0101,63,29,20.6,626.56,3,1,1,136948.09,South,Male,0
CUST_0102,34,28,46.89,1288.28,3,0,0,34205.25,West,Male,0
CUST_0103,62,56,83.8,4602.29,1,0,0,100970.63,West,Male,0
CUST_0104,25,9,87.13,754.03,4,0,0,130430.04,South,Female,1
CUST_0105,61,18,31.07,504.62,1,1,1,63019.7,North,Male,0
CUST_0106,61,11,81.95,829.1,4,0,0,45368.61,North,Female,1
CUST_0107,60,14,29.26,495.76,3,0,0,54452.77,North,Female,1
CUST_0108,55,55,51.21,2830.19,2,1,1,55481.38,West,Female,0
CUST_0109,46,57,99.89,5712.71,1,0,0,78135.87,East,Female,1
CUST_0110,57,2,35.41,55.37,3,0,1,62375.27,East,Male,0
CUST_0111,37,38,32.32,1219.52,1,1,0,55265.63,North,Female,0
CUST_0112,60,14,53.82,801.71,3,1,0,104306.6,West,Male,1
CUST_0113,50,11,69.57,763.65,4,0,1,26894.21,East,Male,0
CUST_0114,46,17,94.63,1635.24,2,0,0,64247.29,West,Female,1
CUST_0115,48,11,98.47,1073.37,1,0,0,109667.76,South,Male,1
CUST_0116,51,29,25.57,724.42,1,1,0,42860.47,East,Male,1
CUST_0117,26,60,31.04,1792.05,1,1,0,48720.62,East,Male,0
CUST_0118,31,35,83.26,2815.21,1,1,0,46086.66,South,Male,1
CUST_0119,36,44,41.65,1819.52,1,1,0,20120.39,East,Male,1
CUST_0120,30,30,90.79,2726.52,3,0,1,81589.81,South,Female,0
CUST_0121,45,0,73.08,0.0,2,1,0,25064.64,West,Female,1
CUST_0122,55,5,28.95,143.03,4,1,0,55482.18,East,Male,1
CUST_0123,55,16,86.6,1388.29,4,0,0,149324.45,East,Female,1
CUST_0124,46,14,34.11,369.74,4,1,1,139391.51,East,Male,0
CUST_0125,64,51,53.88,2702.12,3,1,1,47959.86,South,Female,0
CUST_0126,51,51,64.17,3293.03,2,1,1,60300.32,West,Female,0
CUST_0127,28,52,60.06,3142.47,4,1,0,80281.6,North,Female,0
CUST_0128,60,38,74.89,2788.14,1,0,1,129773.76,East,Male,0
CUST_0129,51,33,72.21,2390.85,2,0,0,124343.97,North,Male,0
CUST_0130,54,39,99.36,3926.16,2,0,1,36411.39,South,Male,0
CUST_0131,51,24,99.95,2437.65,3,1,0,36178.35,East,Female,1
CUST_0132,50,40,61.32,2448.04,3,1,0,74175.19,South,Male,0
CUST_0133,29,48,27.62,1302.36,4,0,1,133112.4,West,Male,0
CUST_0134,50,46,78.23,3567.11,4,0,0,134671.05,East,Female,1
CUST_0135,61,37,98.13,3654.2,2,0,0,33957.56,South,Female,0
CUST_0136,38,3,45.47,146.17,4,1,0,94658.65,South,Male,1
CUST_0137,52,44,56.9,2535.07,1,0,1,40237.78,East,Male,0
CUST_0138,26,22,53.98,1194.15,4,0,1,109196.81,West,Male,0
CUST_0139,40,45,24.11,1125.89,1,0,1,139136.32,South,Male,0
CUST_0140,45,32,73.78,2365.69,4,1,1,79120.01,East,Female,0
CUST_0141,70,53,48.27,2597.54,2,0,0,30800.76,East,Male,1
CUST_0142,34,20,83.0,1703.54,4,0,0,95303.05,North,Female,1
CUST_0143,37,56,86.57,4807.69,1,0,0,73107.17,West,Male,1
CUST_0144,43,51,85.7,4280.29,2,0,0,125416.84,East,Female,0
CUST_0145,70,20,53.33,1143.77,4,0,0,64244.78,North,Female,0
CUST_0146,64,29,45.72,1338.71,1,1,0,133736.64,East,Male,0
CUST_0147,26,32,79.91,2471.4,2,1,0,55581.05,East,Male,0
CUST_0148,35,46,84.11,3833.37,1,1,1,40477.29,West,Male,0
CUST_0149,62,42,59.3,2529.19,2,1,0,59842.45,North,Male,0
CUST_0150,27,51,91.44,4649.46,2,1,1,24539.05,South,Female,0
CUST_0151,64,22,31.51,667.62,3,0,0,56561.98,North,Male,0
CUST_0152,37,30,90.33,2779.94,2,1,1,105815.29,East,Female,0
CUST_0153,67,26,27.69,667.58,1,0,1,38496.79,East,Male,0
CUST_0154,38,55,32.28,1735.49,1,0,1,34477.45,South,Male,0
CUST_0155,44,18,62.71,1139.35,4,1,0,37210.09,West,Female,1
CUST_0156,55,35,25.4,908.52,4,0,0,30081.72,East,Female,0
CUST_0157,30,7,24.22,194.36,1,0,1,133702.6,South,Female,1
CUST_0158,50,51,20.04,1067.6,1,0,1,142734.97,North,Male,0
CUST_0159,48,23,54.91,1272.86,1,0,0,26052.95,South,Female,1
CUST_0160,61,20,81.97,1663.87,4,1,1,118809.33,West,Female,0
CUST_0161,70,35,22.79,784.69,3,1,0,115829.73,South,Male,1
CUST_0162,55,30,72.18,2168.53,4,0,0,149598.23,West,Female,1
CUST_0163,43,51,85.85,4383.73,2,0,0,65223.19,East,Female,1
CUST_0164,43,32,33.44,1080.83,3,1,1,57116.17,East,Male,0
CUST_0165,44,31,31.75,1022.88,1,1,1,78900.68,South,Female,0
CUST_0166,62,6,88.86,560.92,3,0,0,131354.77,East,Female,1
CUST_0167,39,1,85.85,88.06,3,1,1,114717.17,North,Male,0
CUST_0168,32,24,63.12,1474.42,2,0,1,81311.1,North,Female,0
CUST_0169,40,60,85.54,5135.78,3,0,0,51793.17,South,Male,1
CUST_0170,26,55,27.42,1506.7,3,0,1,114512.05,East,Male,0
CUST_0171,29,38,51.56,1968.94,2,1,1,131088.49,East,Male,0
CUST_0172,29,38,79.02,3113.09,1,0,1,71993.66,South,Male,0
CUST_0173,60,23,40.6,907.61,1,0,0,106916.11,South,Female,0
CUST_0174,58,10,80.19,823.01,4,0,1,72027.56,East,Female,0
CUST_0175,57,0,60.33,53.42,2,0,0,82204.15,East,Female,0
CUST_0176,46,20,80.02,1605.3,2,1,0,88238.35,North,Male,1
CUST_0177,57,19,57.17,1203.12,3,0,1,120844.36,South,Female,0
CUST_0178,32,11,49.43,524.83,2,0,1,147075.78,East,Male,0
CUST_0179,66,15,37.54,579.3,2,1,1,77767.6,West,Male,0
CUST_0180,48,1,36.67,0.0,3,1,1,64500.95,South,Male,1
CUST_0181,68,37,80.12,2946.86,3,0,1,68566.83,West,Male,0
CUST_0182,32,56,29.51,1665.01,3,1,1,37405.58,East,Female,0
CUST_0183,47,42,26.88,1171.28,1,1,0,58602.04,South,Female,0
CUST_0184,57,27,34.1,936.65,2,1,1,31238.16,East,Male,0
CUST_0185,47,25,34.03,913.71,2,1,0,75626.25,West,Male,0
CUST_0186,45,18,85.85,1540.55,3,1,0,41756.45,North,Female,1
CUST_0187,32,8,51.88,398.43,1,0,1,65032.88,North,Male,1
CUST_0188,42,36,99.23,3707.48,1,0,1,123165.11,South,Male,0
CUST_0189,35,34,30.98,1073.03,4,0,0,51970.59,North,Female,1
CUST_0190,38,0,72.28,0.0,3,0,1,99546.3,West,Male,0
CUST_0191,56,25,55.9,1362.79,4,1,1,137153.58,West,Female,0
CUST_0192,53,16,51.43,775.75,2,0,0,93700.79,East,Female,1
CUST_0193,52,10,90.01,946.93,4,0,1,45193.04,West,Male,1
CUST_0194,41,42,98.05,4099.88,2,1,0,64819.61,North,Male,1
CUST_0195,69,32,89.83,2880.93,3,1,1,96748.0,East,Male,1
CUST_0196,29,38,35.38,1341.26,1,1,1,85859.45,South,Male,0
CUST_0197,40,43,37.66,1655.95,4,0,1,39320.58,South,Female,0
CUST_0198,30,59,72.49,4234.57,2,0,1,78083.52,South,Male,0
CUST_0199,40,48,43.13,2016.46,4,1,1,90598.67,East,Male,0
CUST_0200,69,37,78.78,2926.07,2,0,1,54753.25,East,Female,0
CUST_0201,41,53,65.31,3491.48,4,0,0,99617.92,North,Male,0
CUST_0202,66,29,64.07,1874.66,2,1,0,29120.81,East,Male,0
CUST_0203,47,60,86.28,5136.33,1,0,0,63758.91,West,Female,1
CUST_0204,57,46,76.84,3568.51,1,1,1,124555.99,North,Male,0
CUST_0205,46,39,22.13,825.88,3,0,1,53707.02,West,Male,0
CUST_0206,37,55,23.96,1291.72,1,1,0,98672.99,East,Male,1
CUST_0207,60,31,68.12,2064.52,2,1,0,73303.86,South,Female,0
CUST_0208,69,43,58.9,2597.76,3,1,1,61139.82,East,Male,0
CUST_0209,37,17,40.81,725.44,2,0,1,139097.12,East,Female,0
CUST_0210,60,58,53.49,3132.67,1,1,0,64624.02,West,Male,1
CUST_0211,37,38,80.63,3126.3,3,1,1,50767.87,North,Female,1
CUST_0212,57,47,86.13,4188.74,3,1,1,138209.17,North,Female,0
CUST_0213,61,28,64.9,1731.74,3,0,1,116972.77,East,Male,1
CUST_0214,45,52,50.83,2606.24,4,0,1,108633.96,South,Male,0
CUST_0215,58,4,41.66,135.83,1,0,1,26439.54,North,Male,1
CUST_0216,37,6,61.75,327.96,2,0,1,37056.64,South,Male,0
CUST_0217,28,30,45.18,1301.52,1,1,1,102984.2,East,Male,0
CUST_0218,29,44,65.13,2850.74,4,1,1,47226.27,North,Female,0
CUST_0219,45,49,74.13,3571.54,3,1,0,49332.94,West,Male,1
CUST_0220,66,26,25.29,674.29,1,1,0,121288.01,South,Female,0
CUST_0221,30,39,20.09,786.09,3,1,0,57170.24,North,Male,0
CUST_0222,45,33,36.98,1244.39,1,0,1,29306.35,North,Male,0
CUST_0223,57,58,91.56,5335.87,2,0,0,24736.15,West,Male,1
CUST_0224,34,39,71.7,2826.45,3,1,1,77613.14,North,Male,0
CUST_0225,58,25,33.76,825.33,3,0,0,100226.72,South,Female,0
CUST_0226,39,59,91.22,5488.04,4,0,0,132955.08,East,Male,1
CUST_0227,62,6,57.6,357.32,3,1,0,34404.57,East,Male,1
CUST_0228,51,60,58.09,3392.28,4,1,1,45567.47,South,Female,0
CUST_0229,50,9,94.84,803.44,3,0,0,88874.08,North,Female,1
CUST_0230,33,17,24.76,333.89,1,0,1,67334.09,East,Male,0
CUST_0231,46,50,37.21,1861.37,1,0,1,82729.87,South,Female,0
CUST_0232,64,44,66.86,2935.75,4,1,1,140136.2,North,Male,0
CUST_0233,25,59,35.64,2079.34,1,1,0,90835.92,North,Male,0
CUST_0234,59,45,74.36,3446.75,2,1,1,73965.68,East,Male,1
CUST_0235,47,38,37.13,1438.39,1,1,1,148627.19,North,Female,0
CUST_0236,58,21,27.93,622.83,2,0,0,28478.04,South,Male,0
CUST_0237,55,0,36.56,0.0,3,1,0,141174.75,North,Female,0
CUST_0238,44,7,53.82,326.78,1,0,1,85216.04,West,Male,1
CUST_0239,39,18,34.09,615.46,2,0,1,85488.32,East,Female,0
CUST_0240,53,2,30.78,70.21,4,1,0,139855.36,West,Male,1
CUST_0241,31,30,88.82,2571.78,1,1,0,85952.12,North,Male,1
CUST_0242,51,47,45.63,2135.59,1,0,0,76992.92,South,Female,0
CUST_0243,29,58,48.86,2834.58,2,0,1,55423.52,South,Male,0
CUST_0244,54,29,24.42,697.42,4,0,0,105646.18,East,Female,1
CUST_0245,53,53,48.59,2534.6,2,1,0,94053.86,West,Female,0
CUST_0246,28,60,41.18,2443.82,3,1,0,47864.91,North,Female,1
CUST_0247,59,52,68.84,3570.84,1,0,0,112223.68,West,Male,0
CUST_0248,44,28,36.43,1024.58,3,0,0,103731.29,East,Female,0
CUST_0249,61,19,91.07,1760.57,1,0,0,71653.4,West,Female,1
CUST_0250,26,59,94.37,5621.87,3,0,1,20572.12,North,Male,0
CUST_0251,33,14,27.99,377.14,1,0,1,78055.55,West,Female,1
CUST_0252,47,25,28.59,691.94,4,0,0,20787.56,South,Female,0
CUST_0253,33,4,29.23,138.8,2,0,0,29749.8,South,Female,0
CUST_0254,40,48,69.57,3369.9,1,1,0,75979.29,North,Female,0
CUST_0255,55,39,29.76,1138.93,2,1,1,30649.58,West,Female,0
CUST_0256,31,5,88.19,480.47,1,0,0,55836.51,West,Female,1
CUST_0257,56,13,80.34,1093.4,1,1,0,105213.88,North,Male,1
CUST_0258,29,33,85.58,2888.72,3,0,1,60119.99,South,Female,0
CUST_0259,33,32,62.08,2075.48,2,1,0,149694.32,East,Male,0
CUST_0260,52,48,99.73,4743.72,2,0,0,139119.26,East,Male,1
CUST_0261,61,16,23.53,377.17,4,1,0,96090.29,North,Female,0
CUST_0262,32,56,52.1,2918.16,1,0,0,145703.13,South,Male,1
CUST_0263,38,27,45.91,1234.67,2,1,1,132842.25,South,Female,0
CUST_0264,67,50,95.89,4762.04,1,0,1,61456.81,South,Male,0
CUST_0265,70,14,66.15,851.82,2,1,0,117447.51,West,Male,1
CUST_0266,51,2,84.5,173.63,2,0,0,37788.13,North,Male,1
CUST_0267,45,3,33.63,62.47,1,1,0,108991.69,East,Female,1
CUST_0268,40,22,98.29,2166.68,1,0,1,83840.64,West,Male,0
CUST_0269,53,58,59.89,3433.92,4,1,0,22187.37,West,Female,0
CUST_0270,52,2,59.49,64.0,1,0,0,55649.88,West,Male,1
CUST_0271,38,22,97.67,2160.45,4,1,1,144199.69,North,Male,0
CUST_0272,26,6,50.46,310.31,4,1,0,61058.09,North,Male,1
CUST_0273,31,56,51.8,2929.76,2,1,0,43589.08,West,Male,0
CUST_0274,69,41,66.78,2847.27,2,0,0,44379.09,East,Female,1
CUST_0275,44,46,30.24,1404.9,4,0,1,82297.72,East,Male,0
CUST_0276,47,43,45.69,1988.92,4,0,1,129544.4,South,Female,0
CUST_0277,46,40,35.46,1364.52,1,1,1,118540.23,East,Male,0
CUST_0278,61,47,28.26,1263.87,4,1,0,76790.76,North,Female,0
CUST_0279,27,0,89.29,79.14,4,0,1,47134.49,South,Female,0
CUST_0280,28,52,67.15,3445.63,1,1,1,25988.44,East,Male,0
CUST_0281,37,45,48.69,2138.85,1,0,0,80141.94,North,Male,0
CUST_0282,47,45,52.69,2369.1,3,1,0,125920.8,North,Female,1
CUST_0283,55,23,54.52,1249.45,1,0,0,114858.66,North,Male,1
CUST_0284,47,48,70.65,3346.07,3,0,1,73118.1,North,Female,0
CUST_0285,45,23,94.14,2149.97,1,0,0,97311.35,West,Female,0
CUST_0286,68,2,94.62,250.71,3,0,0,76712.05,East,Female,1
CUST_0287,32,55,51.32,2782.3,1,0,1,95272.09,West,Female,0
CUST_0288,51,14,46.34,579.08,1,0,0,87275.68,South,Female,0
CUST_0289,49,6,56.08,383.61,1,0,1,108525.66,East,Female,1
CUST_0290,46,37,65.43,2445.52,1,0,0,86002.15,West,Male,0
CUST_0291,62,14,56.95,766.27,3,1,0,142279.43,South,Female,0
CUST_0292,37,52,72.7,3701.29,1,0,1,75643.66,East,Male,0
CUST_0293,68,27,64.35,1700.22,4,0,1,22069.12,East,Male,0
CUST_0294,40,0,45.66,0.0,3,1,0,50728.56,West,Female,1
CUST_0295,50,58,47.66,2822.56,2,1,1,85078.89,West,Female,0
CUST_0296,48,31,50.29,1507.16,4,0,1,90274.34,East,Female,0
CUST_0297,64,16,27.57,436.89,3,1,0,91810.02,East,Male,1
CUST_0298,45,41,33.29,1398.65,3,1,1,112891.77,West,Male,0
CUST_0299,38,32,77.85,2372.14,1,1,0,55704.26,East,Female,0
CUST_0300,25,1,51.13,102.82,3,0,1,106437.48,South,Male,0
CUST_0301,41,46,37.16,1650.24,3,0,0,111524.2,East,Female,0
CUST_0302,63,24,65.01,1576.84,4,0,0,73466.5,East,Male,0
CUST_0303,25,42,80.44,3390.81,2,1,1,72281.98,North,Female,0
CUST_0304,66,54,40.59,2246.09,3,1,1,43260.22,East,Male,0
CUST_0305,49,37,86.14,3214.73,2,1,0,73818.36,East,Male,0
CUST_0306,31,40,94.2,3649.14,1,1,1,122286.12,West,Female,0
CUST_0307,38,15,67.79,977.61,1,0,0,138166.49,East,Female,1
CUST_0308,50,14,73.52,1036.19,4,0,1,97169.71,North,Female,0
CUST_0309,39,25,24.21,595.5,3,1,1,58918.14,West,Female,0
CUST_0310,29,52,95.64,4997.16,2,1,1,108697.66,East,Male,0
CUST_0311,55,31,51.4,1632.87,3,0,1,116219.01,South,Female,1
CUST_0312,55,21,93.91,2002.53,1,0,1,63187.66,West,Male,0
CUST_0313,30,47,66.32,3106.33,1,1,1,127451.22,South,Female,0
CUST_0314,37,52,20.37,966.92,3,0,1,29580.46,South,Male,0
CUST_0315,36,55,23.08,1246.63,3,0,0,21397.98,West,Male,1
CUST_0316,55,18,74.43,1360.56,4,1,1,35986.2,West,Male,1
CUST_0317,58,43,65.01,2740.91,4,0,1,40281.09,East,Female,0
CUST_0318,58,36,22.12,827.88,2,0,0,134260.77,South,Female,1
CUST_0319,68,27,79.48,2191.38,4,1,1,75247.62,West,Male,1
CUST_0320,60,24,88.17,2122.42,2,0,1,55741.12,North,Female,0
CUST_0321,39,6,59.71,205.07,4,1,0,75779.77,East,Female,0
CUST_0322,29,16,57.26,852.26,1,0,0,71329.32,East,Female,1
CUST_0323,53,33,20.44,768.83,1,0,0,59190.02,West,Female,0
CUST_0324,67,54,82.93,4450.89,1,0,1,37926.95,South,Male,0
CUST_0325,69,52,46.46,2316.71,4,1,1,105269.01,West,Male,0
CUST_0326,35,11,90.3,1055.06,1,0,1,37758.57,North,Female,1
CUST_0327,35,41,49.84,2044.11,4,1,1,120805.18,West,Male,1
CUST_0328,26,5,65.21,381.3,3,0,0,46219.44,North,Female,1
CUST_0329,31,41,41.63,1720.68,1,0,1,115078.27,East,Male,0
CUST_0330,50,20,32.85,679.93,4,1,0,124726.19,North,Male,1
CUST_0331,50,27,81.99,2231.88,1,1,0,36292.38,West,Female,1
CUST_0332,42,43,59.73,2603.26,1,1,0,31276.95,West,Female,0
CUST_0333,39,25,62.92,1686.87,3,0,1,143444.46,North,Female,0
CUST_0334,63,49,97.23,4812.82,2,0,0,80196.08,West,Female,1
CUST_0335,46,32,97.09,3027.86,2,1,0,101930.61,South,Male,1
CUST_0336,62,60,88.45,5329.33,1,0,0,23023.86,East,Female,1
CUST_0337,69,38,35.01,1387.45,3,0,0,56232.32,North,Male,0
CUST_0338,39,18,67.54,1275.86,1,1,1,85701.7,North,Male,0
CUST_0339,34,47,90.25,4220.42,1,1,1,135208.38,North,Female,1
CUST_0340,68,24,49.96,1257.29,3,0,1,55287.12,East,Male,0
CUST_0341,54,32,28.09,945.27,2,1,1,120774.87,East,Female,0
CUST_0342,38,8,84.88,807.67,3,1,1,106087.68,West,Male,0
CUST_0343,53,7,58.54,372.28,1,0,1,34985.2,North,Female,1
CUST_0344,48,35,65.15,2254.88,3,1,0,58138.77,East,Male,0
CUST_0345,66,11,98.57,1068.96,4,1,1,50922.32,North,Male,0
CUST_0346,36,60,68.58,4090.29,2,0,1,77528.59,South,Male,0
CUST_0347,70,52,54.0,2763.5,2,0,1,102593.45,North,Male,0
CUST_0348,68,42,49.6,1945.07,3,0,0,76344.57,North,Female,1
CUST_0349,33,44,53.41,2328.31,3,1,0,51789.75,East,Female,0
CUST_0350,32,36,29.47,1079.39,1,0,1,110464.24,West,Male,0
CUST_0351,49,3,83.58,226.08,3,0,1,95981.24,East,Female,0
CUST_0352,27,23,87.02,2098.23,1,0,0,87510.81,West,Male,1
CUST_0353,38,30,42.75,1283.17,3,0,1,92074.55,East,Female,0
CUST_0354,45,55,44.3,2501.05,4,0,0,48847.08,North,Female,0
CUST_0355,69,13,89.95,1182.42,3,1,1,108456.04,South,Male,0
CUST_0356,70,30,21.92,698.92,4,1,0,70375.07,West,Female,1
CUST_0357,31,20,61.64,1246.76,2,0,0,67250.82,North,Male,0
CUST_0358,66,8,57.09,525.16,4,0,1,39465.45,North,Male,0
CUST_0359,29,6,75.21,454.06,4,0,1,97588.85,West,Male,0
CUST_0360,59,22,33.07,752.35,4,1,0,98346.37,North,Female,0
CUST_0361,63,5,73.47,385.67,3,1,0,64239.08,West,Male,0
CUST_0362,65,4,50.14,186.15,3,1,1,131780.51,West,Male,0
CUST_0363,35,21,69.5,1479.75,3,1,0,129909.53,East,Male,1
CUST_0364,66,12,23.21,390.24,4,0,1,34177.06,East,Male,0
CUST_0365,30,33,56.94,1865.5,4,0,1,110354.99,North,Female,0
CUST_0366,48,1,61.78,82.75,2,0,1,71198.52,South,Female,0
CUST_0367,46,18,37.15,731.59,1,1,0,149962.93,West,Male,1
CUST_0368,39,27,31.17,898.6,1,0,0,49253.07,West,Male,1
CUST_0369,26,58,35.08,2035.23,1,0,1,56468.15,South,Male,0
CUST_0370,60,38,47.53,1686.97,1,1,0,77473.82,West,Male,0
CUST_0371,40,53,27.74,1496.06,1,1,1,54932.97,West,Female,0
CUST_0372,55,20,95.79,1804.83,1,0,0,109959.14,North,Male,1
CUST_0373,43,27,52.4,1488.3,4,1,1,82518.05,East,Male,0
CUST_0374,42,25,84.72,2126.47,1,1,0,48714.25,East,Female,0
CUST_0375,65,54,97.95,5339.28,3,1,1,85828.63,East,Female,0
CUST_0376,29,58,26.46,1489.57,2,1,1,135542.41,West,Male,0
CUST_0377,58,58,72.13,4105.91,1,0,0,123011.43,West,Male,0
CUST_0378,59,45,89.71,4049.99,3,1,0,84847.76,East,Female,1
CUST_0379,42,30,70.74,2120.52,4,1,0,57504.04,South,Male,1
CUST_0380,37,32,54.32,1713.66,4,1,0,43385.24,West,Male,1
CUST_0381,25,59,54.49,3219.14,4,1,0,134189.77,West,Female,0
CUST_0382,68,17,22.87,527.16,3,1,0,112321.7,East,Female,0
CUST_0383,68,21,62.77,1359.9,3,1,1,94381.23,East,Female,0
CUST_0384,36,54,99.48,5424.39,1,1,1,134326.5,North,Male,0
CUST_0385,26,23,96.7,2266.3,4,1,0,35819.74,South,Male,0
CUST_0386,30,14,23.23,399.19,3,1,0,108723.61,North,Male,1
CUST_0387,28,34,76.46,2590.14,2,0,0,48172.6,East,Female,1
CUST_0388,63,19,44.14,735.92,2,1,1,35675.07,West,Female,0
CUST_0389,66,54,92.24,4971.53,3,0,0,80529.11,North,Male,1
CUST_0390,32,55,23.61,1339.14,1,1,0,70361.08,West,Female,1
CUST_0391,59,18,94.87,1659.17,4,1,0,142352.57,North,Male,1
CUST_0392,33,32,87.0,2775.18,2,1,1,62117.34,North,Male,0
CUST_0393,41,60,29.4,1729.41,1,1,0,125937.29,West,Female,1
CUST_0394,52,45,24.79,1190.65,2,0,1,117347.51,North,Male,0
CUST_0395,58,13,86.78,1165.61,4,0,0,106830.1,East,Male,1
CUST_0396,65,36,32.46,1201.14,2,1,0,139652.06,West,Male,0
CUST_0397,27,37,62.79,2354.31,3,1,0,73030.2,South,Female,0
CUST_0398,34,39,93.26,3635.28,4,1,0,70657.25,North,Male,1
CUST_0399,37,1,65.4,75.28,1,1,1,40923.17,South,Male,0
CUST_0400,39,18,51.78,872.78,4,1,0,55849.07,North,Female,0
CUST_0401,70,52,55.6,2781.88,2,0,0,134370.94,East,Male,0
CUST_0402,60,14,25.05,358.2,3,0,0,81669.68,West,Male,0
CUST_0403,39,18,97.5,1771.2,1,1,1,64375.93,West,Female,0
CUST_0404,69,19,44.85,912.61,1,1,0,48094.57,West,Female,0
CUST_0405,47,10,35.15,430.07,4,1,1,83044.83,West,Female,0
CUST_0406,48,9,42.88,464.42,4,1,1,113166.5,West,Male,0
CUST_0407,44,21,97.15,1990.25,4,1,1,57269.96,West,Female,1
CUST_0408,31,53,27.54,1442.01,3,1,1,118503.15,East,Male,0
CUST_0409,67,0,89.38,24.02,2,1,1,101872.41,West,Male,0
CUST_0410,25,17,76.63,1429.31,1,0,0,122383.13,South,Male,1
CUST_0411,33,3,86.4,333.2,2,1,1,52618.25,South,Male,0
CUST_0412,35,34,98.07,3390.35,3,1,1,102033.66,West,Male,0
CUST_0413,37,15,87.37,1291.16,2,0,0,39985.59,South,Male,1
CUST_0414,31,48,95.47,4538.4,2,1,0,67293.61,South,Male,0
CUST_0415,25,35,30.15,1094.7,1,1,1,114166.81,North,Male,0
CUST_0416,56,47,83.66,3876.99,2,1,1,102116.89,South,Female,0
CUST_0417,69,38,63.65,2406.78,1,0,1,44421.89,East,Female,0
CUST_0418,30,26,63.48,1644.74,1,1,0,131584.55,West,Male,1
CUST_0419,38,52,91.91,4858.97,1,0,0,26935.63,North,Female,1
CUST_0420,48,29,97.74,2816.73,3,1,1,97378.04,East,Female,0
CUST_0421,67,57,76.39,4232.27,2,1,0,147896.67,West,Female,1
CUST_0422,56,60,58.64,3543.62,1,1,1,89095.62,West,Male,0
CUST_0423,60,35,56.51,1942.9,3,1,1,124087.34,West,Male,0
CUST_0424,51,41,50.91,2089.44,1,0,0,97373.53,North,Male,1
CUST_0425,44,15,48.93,729.61,1,1,1,121801.48,South,Male,0
CUST_0426,34,49,51.32,2500.99,1,1,0,105227.24,West,Male,1
CUST_0427,64,40,27.18,1126.72,2,0,0,109847.16,West,Female,1
CUST_0428,61,55,26.19,1363.81,4,0,0,49615.45,East,Male,0
CUST_0429,26,16,82.39,1292.39,1,0,1,116436.72,West,Female,1
CUST_0430,57,48,55.69,2707.32,2,1,1,50928.29,East,Female,0
CUST_0431,28,28,94.45,2613.9,1,1,0,147483.24,North,Male,1
CUST_0432,58,11,68.98,678.34,2,1,1,49612.33,West,Female,0
CUST_0433,62,10,22.81,261.53,3,1,1,50768.92,North,Male,0
CUST_0434,31,34,32.6,1164.55,2,0,1,131627.51,South,Female,0
CUST_0435,44,19,36.47,690.68,3,1,1,51588.16,North,Female,0
CUST_0436,30,6,98.06,490.32,4,0,1,66917.36,East,Female,0
CUST_0437,51,26,37.5,1010.3,4,0,1,112903.22,North,Male,0
CUST_0438,67,39,61.26,2306.15,3,0,1,40637.32,East,Male,0
CUST_0439,28,19,94.89,1818.35,3,0,0,40679.33,West,Male,1
CUST_0440,43,58,98.18,5650.07,4,1,0,83226.6,West,Male,1
CUST_0441,69,47,38.91,1770.78,4,1,0,51680.58,South,Male,0
CUST_0442,38,31,23.93,719.73,2,1,1,50635.53,West,Female,0
CUST_0443,31,57,32.29,1831.37,1,0,1,21201.06,South,Male,0
CUST_0444,47,26,25.07,619.61,1,0,1,68158.45,East,Male,0
CUST_0445,48,8,35.61,314.32,4,0,0,61372.57,East,Female,0
CUST_0446,55,2,65.49,108.68,3,1,0,24050.26,North,Male,0
CUST_0447,39,57,93.0,5350.01,2,0,0,100760.31,North,Male,1
CUST_0448,68,58,62.98,3666.9,2,0,1,101465.17,North,Female,0
CUST_0449,48,45,70.08,3118.72,2,1,0,29204.06,West,Female,1
CUST_0450,38,6,36.15,173.6,4,1,0,61215.4,West,Female,0
CUST_0451,69,17,84.05,1346.48,3,1,1,133464.72,South,Male,1
CUST_0452,67,2,69.42,153.38,4,0,0,95681.72,West,Female,0
CUST_0453,47,3,89.13,249.66,2,1,1,73556.71,North,Male,0
CUST_0454,26,15,95.91,1320.04,2,0,1,80463.25,West,Male,1
CUST_0455,52,34,47.83,1599.43,1,1,0,47076.4,North,Male,0
CUST_0456,50,3,27.25,36.7,4,0,0,125544.6,North,Female,1
CUST_0457,31,60,38.07,2362.98,3,1,0,138820.61,West,Male,1
CUST_0458,54,27,55.03,1400.67,3,1,0,138386.33,South,Male,1
CUST_0459,63,16,95.66,1458.49,2,1,0,49111.47,South,Male,0
CUST_0460,29,31,50.26,1613.56,2,0,0,60396.23,West,Male,0
CUST_0461,58,48,81.66,3987.52,4,0,0,40880.96,South,Male,1
CUST_0462,31,19,63.24,1164.31,2,1,1,59936.15,West,Male,0
CUST_0463,59,2,34.62,37.64,3,1,0,63264.7,North,Male,1
CUST_0464,44,3,45.66,167.79,1,0,1,102303.75,North,Female,1
CUST_0465,25,51,72.26,3568.91,2,0,1,44654.03,South,Female,0
CUST_0466,69,6,73.83,349.92,4,0,0,139521.6,East,Female,1
CUST_0467,32,38,54.78,2067.6,1,0,1,33402.93,North,Female,0
CUST_0468,52,23,38.29,958.16,1,0,0,20894.14,North,Female,0
CUST_0469,33,47,77.75,3632.46,4,0,1,131142.87,East,Female,0
CUST_0470,67,3,33.51,105.58,2,0,0,111490.08,South,Male,1
CUST_0471,58,54,94.93,5182.91,2,0,1,66196.78,South,Female,0
CUST_0472,62,42,35.03,1576.6,3,1,1,97414.96,North,Male,0
CUST_0473,44,27,28.58,742.82,1,0,1,49060.73,North,Female,0
CUST_0474,46,12,59.81,716.88,1,0,0,41890.65,North,Male,1
CUST_0475,54,59,61.56,3723.14,1,0,1,81249.39,East,Male,0
CUST_0476,61,18,60.66,1015.77,1,1,1,65914.42,North,Female,0
CUST_0477,63,29,54.93,1644.35,1,0,1,99979.91,North,Male,0
CUST_0478,25,24,99.59,2339.24,3,0,1,48359.39,West,Male,0
CUST_0479,55,14,58.9,829.72,2,0,0,106180.6,South,Female,1
CUST_0480,30,25,58.24,1443.87,1,0,0,119692.0,East,Male,0
CUST_0481,38,9,53.74,435.76,1,0,1,41662.7,South,Male,1
CUST_0482,63,0,25.35,0.0,2,0,1,25701.58,West,Female,0
CUST_0483,36,17,67.44,1160.3,4,1,1,77146.36,West,Female,0
CUST_0484,61,6,38.24,279.22,2,0,1,120623.13,South,Male,0
CUST_0485,46,25,71.01,1768.76,1,0,1,104601.38,East,Male,0
CUST_0486,35,52,24.07,1255.15,1,1,1,111244.62,South,Female,0
CUST_0487,40,9,98.51,915.15,2,1,0,72369.11,West,Male,1
CUST_0488,49,0,57.52,0.0,1,1,0,50542.92,South,Male,1
CUST_0489,60,6,91.74,587.42,4,0,0,89131.25,West,Male,0
CUST_0490,52,30,58.04,1782.17,4,0,1,46567.54,East,Female,0
CUST_0491,67,16,24.83,527.46,2,0,1,114409.73,East,Male,0
CUST_0492,64,29,85.78,2468.81,4,1,1,45605.64,South,Male,0
CUST_0493,59,1,71.85,48.95,2,0,0,57864.22,West,Male,0
CUST_0494,52,20,82.54,1689.25,1,1,1,85850.82,East,Male,0
CUST_0495,38,25,54.25,1397.21,4,1,1,83272.29,West,Female,0
CUST_0496,43,26,71.03,1820.03,4,1,1,98110.42,West,Male,0
CUST_0497,30,33,88.5,2900.34,2,0,0,76867.8,North,Male,1
CUST_0498,42,47,70.49,3340.09,3,1,0,139531.53,West,Male,0
CUST_0499,67,28,47.81,1297.3,1,0,0,129191.43,West,Female,1
CUST_0500,44,51,73.0,3702.47,3,1,1,134284.75,North,Female,0
CUST_0501,30,32,73.75,2364.48,3,1,1,101837.15,West,Female,0
CUST_0502,54,15,96.85,1502.55,3,1,1,102551.03,East,Male,0
CUST_0503,69,13,49.67,615.48,3,0,0,99195.83,South,Male,0
CUST_0504,64,19,54.01,934.07,3,1,0,76534.94,North,Male,0
CUST_0505,37,36,84.97,2963.09,3,0,1,61873.78,South,Male,0
CUST_0506,45,14,60.46,783.47,4,0,0,96960.38,North,Female,1
CUST_0507,49,55,78.93,4275.49,1,0,1,23319.14,East,Female,1
CUST_0508,36,29,56.78,1638.89,2,1,0,20969.34,East,Male,0
CUST_0509,37,52,37.24,1877.04,2,1,1,130713.44,East,Female,0
CUST_0510,35,41,79.62,3229.28,3,0,1,26035.13,East,Female,0
CUST_0511,70,20,30.49,571.1,1,1,1,88223.37,South,Male,0
CUST_0512,59,13,35.89,444.54,2,1,0,99948.41,East,Female,0
CUST_0513,63,45,70.15,3222.88,4,0,1,45762.26,West,Male,0
CUST_0514,62,20,79.78,1628.7,1,1,1,136445.01,North,Male,0
CUST_0515,69,15,91.58,1374.51,3,1,1,44712.45,South,Male,0
CUST_0516,29,56,41.81,2318.31,3,0,0,134986.95,West,Female,1
CUST_0517,65,29,28.86,815.28,2,0,1,119188.74,West,Female,0
CUST_0518,28,2,96.48,209.35,1,1,0,51296.58,West,Male,1
CUST_0519,46,30,32.35,999.71,1,0,0,39596.74,North,Female,0
CUST_0520,52,28,35.81,957.3,2,1,1,61110.25,South,Male,0
CUST_0521,41,52,43.31,2253.94,1,0,1,71733.57,North,Male,0
CUST_0522,31,43,62.35,2579.47,1,0,0,51952.01,West,Male,1
CUST_0523,33,11,90.63,1007.52,1,0,0,149855.9,East,Female,1
CUST_0524,62,9,80.84,765.67,1,1,1,49854.8,North,Female,1
CUST_0525,39,36,76.65,2745.4,4,1,1,127982.53,North,Male,0
CUST_0526,39,2,34.01,158.85,3,1,0,40685.31,East,Female,0
CUST_0527,67,19,48.61,879.53,1,0,1,147431.8,West,Female,0
CUST_0528,31,8,58.27,477.03,3,1,1,49318.05,West,Female,1
CUST_0529,67,1,31.79,30.0,1,1,1,74819.51,West,Male,1
CUST_0530,67,56,41.87,2339.71,2,0,0,92613.33,West,Female,0
CUST_0531,52,5,44.67,217.63,1,1,1,35637.14,West,Male,1
CUST_0532,32,0,30.18,5.36,1,0,1,126186.61,West,Male,1
CUST_0533,32,56,64.02,3627.52,1,1,1,55709.12,West,Male,0
CUST_0534,38,11,76.4,909.29,2,1,1,91405.09,South,Female,1
CUST_0535,51,49,25.59,1253.8,2,0,0,91452.4,West,Female,0
CUST_0536,32,1,58.49,99.26,2,0,0,98343.28,West,Female,0
CUST_0537,45,9,82.58,708.13,3,1,0,27213.18,North,Female,1
CUST_0538,30,6,79.84,517.34,3,0,0,41920.44,East,Female,1
CUST_0539,49,43,85.21,3625.93,3,0,0,40954.99,South,Female,1
CUST_0540,25,37,55.86,2121.35,3,0,0,59266.66,North,Female,0
CUST_0541,57,29,85.64,2594.09,3,1,1,38838.84,North,Female,0
CUST_0542,27,14,39.26,543.54,2,0,1,139849.77,North,Female,0
CUST_0543,33,5,48.86,134.67,1,0,1,86684.08,West,Female,0
CUST_0544,33,34,34.11,1132.34,2,1,1,101064.77,West,Male,0
CUST_0545,63,14,57.4,865.19,1,0,0,66473.46,North,Male,1
CUST_0546,27,36,51.36,1876.61,4,1,0,55912.0,East,Female,0
CUST_0547,44,41,39.27,1622.52,2,1,0,85413.03,East,Male,1
CUST_0548,52,51,80.14,4137.57,4,1,0,58261.99,East,Female,1
CUST_0549,48,30,45.11,1377.52,4,0,0,64673.97,East,Female,0
CUST_0550,56,0,41.82,60.89,2,1,1,78857.61,West,Female,0
CUST_0551,61,17,30.47,563.96,4,1,1,85745.38,East,Female,0
CUST_0552,43,52,55.11,2941.81,2,0,1,147960.82,East,Male,0
CUST_0553,63,32,44.24,1433.62,1,0,0,49031.94,East,Male,0
CUST_0554,39,37,49.54,1878.24,1,0,1,83436.9,South,Female,0
CUST_0555,70,27,38.88,1034.4,1,0,1,39436.53,West,Female,1
CUST_0556,48,9,81.05,699.38,4,0,0,65499.9,South,Male,1
CUST_0557,58,54,94.4,5182.94,2,0,0,113250.39,West,Female,0
CUST_0558,65,47,59.83,2822.82,2,0,1,42680.08,East,Male,0
CUST_0559,61,60,71.44,4326.64,2,0,0,95575.67,East,Female,0
CUST_0560,64,52,89.37,4653.43,2,0,1,74171.13,West,Female,1
CUST_0561,49,17,99.91,1669.14,4,1,0,26705.34,East,Female,1
CUST_0562,26,15,69.08,1036.75,4,0,0,141299.78,East,Male,1
CUST_0563,47,15,91.18,1439.5,1,0,1,73768.41,East,Male,1
CUST_0564,33,56,92.69,5218.4,3,0,0,121910.45,East,Female,1
CUST_0565,65,33,83.32,2663.99,2,0,0,74120.75,South,Female,1
CUST_0566,35,27,56.87,1524.73,1,0,0,141856.84,East,Male,0
CUST_0567,35,59,26.49,1652.02,4,0,0,57761.14,West,Male,0
CUST_0568,36,36,21.26,754.67,1,1,1,73589.98,East,Female,0
CUST_0569,54,55,58.18,3109.88,1,1,0,118652.35,West,Male,0
CUST_0570,51,60,59.55,3667.65,1,1,0,64676.75,West,Female,1
CUST_0571,68,4,52.59,244.48,2,1,1,67366.42,South,Male,0
CUST_0572,44,22,65.45,1436.4,3,1,1,149327.01,North,Male,0
CUST_0573,37,44,64.17,2804.91,2,0,0,92229.89,South,Male,0
CUST_0574,27,49,86.93,4313.69,1,1,1,109619.46,West,Female,0
CUST_0575,25,9,28.69,231.11,1,1,0,103650.09,West,Female,1
CUST_0576,42,19,38.01,779.6,4,1,1,127630.14,East,Male,0
CUST_0577,67,33,83.44,2780.63,4,1,1,132037.26,West,Male,0
CUST_0578,49,48,87.83,4228.07,4,0,1,93223.3,North,Female,0
CUST_0579,66,6,99.59,604.82,3,1,0,58292.29,East,Male,1
CUST_0580,29,36,89.83,3225.13,3,1,0,22964.03,East,Female,1
CUST_0581,29,18,91.19,1693.7,4,0,1,99872.42,East,Female,0
CUST_0582,63,13,45.15,543.68,3,0,1,127310.95,East,Male,0
CUST_0583,29,31,52.13,1534.93,2,1,0,78570.17,South,Male,0
CUST_0584,27,25,41.45,1066.97,2,0,0,41411.8,East,Female,1
CUST_0585,43,38,68.5,2634.56,2,0,0,57450.67,East,Male,0
CUST_0586,67,19,95.1,1830.91,1,0,1,86298.56,West,Female,0
CUST_0587,56,50,47.57,2398.89,1,1,0,128768.56,North,Male,0
CUST_0588,29,4,64.56,242.21,3,0,1,42327.91,South,Female,1
CUST_0589,63,52,43.7,2311.77,4,0,1,99579.48,South,Male,0
CUST_0590,63,1,33.58,31.3,1,0,1,117937.92,North,Female,0
CUST_0591,61,44,35.61,1542.48,1,0,0,141686.18,South,Female,0
CUST_0592,66,21,24.64,501.85,1,1,1,35171.48,South,Male,0
CUST_0593,36,23,95.94,2307.65,4,1,1,140430.91,South,Female,1
CUST_0594,70,1,52.23,0.0,2,1,0,98190.78,South,Female,0
CUST_0595,39,42,86.73,3667.65,2,1,1,119671.21,East,Female,0
CUST_0596,61,10,74.51,661.14,1,1,1,26990.71,East,Male,1
CUST_0597,51,40,35.35,1408.59,4,0,1,85799.26,South,Male,0
CUST_0598,60,44,34.04,1476.08,2,1,1,100941.86,West,Male,0
CUST_0599,53,51,84.96,4228.71,4,0,0,59888.4,South,Female,1
CUST_0600,54,43,41.18,1790.19,3,1,1,76114.53,East,Female,1
CUST_0601,53,18,93.06,1656.08,1,1,1,92058.76,North,Male,1
CUST_0602,60,45,31.2,1299.04,4,0,0,91831.23,North,Male,0
CUST_0603,58,50,74.22,3752.98,3,1,1,25442.0,South,Female,1
CUST_0604,31,19,85.16,1689.79,3,1,0,77132.63,South,Female,1
CUST_0605,62,7,38.82,346.25,1,0,1,47796.36,South,Male,1
CUST_0606,49,54,42.1,2291.35,4,1,1,139170.36,North,Male,0
CUST_0607,39,9,97.16,876.74,4,0,0,146955.4,South,Female,1
CUST_0608,48,36,41.17,1548.53,2,0,0,58954.1,East,Female,0
CUST_0609,69,14,54.4,845.72,1,0,0,42774.1,East,Female,1
CUST_0610,64,7,54.6,438.88,4,0,1,48535.54,North,Female,0
CUST_0611,63,47,40.24,1844.2,4,1,0,82107.79,South,Male,0
CUST_0612,46,8,82.06,666.55,3,1,1,133685.73,East,Male,0
CUST_0613,61,40,81.75,3291.98,3,1,0,85004.71,East,Male,1
CUST_0614,42,42,50.27,2020.86,1,1,1,27200.97,West,Male,0
CUST_0615,56,3,86.81,283.9,1,1,1,25185.13,South,Male,1
CUST_0616,54,10,37.05,484.15,4,0,0,49560.82,East,Male,1
CUST_0617,36,48,20.34,1008.32,2,0,1,129560.27,West,Male,0
CUST_0618,37,30,65.69,2044.37,2,1,1,100792.47,South,Female,0
CUST_0619,27,7,99.53,705.86,3,1,0,93184.52,West,Male,1
CUST_0620,31,60,23.09,1381.74,1,0,0,61466.05,South,Female,1
CUST_0621,44,16,36.64,605.3,1,1,1,140825.3,South,Male,0
CUST_0622,46,0,61.51,0.0,1,0,0,63053.17,East,Male,1
CUST_0623,32,56,84.8,4700.61,2,0,0,128542.77,East,Female,1
CUST_0624,44,1,27.12,90.44,2,0,1,136467.46,East,Female,0
CUST_0625,52,33,51.62,1772.08,1,0,1,82833.55,North,Female,0
CUST_0626,35,60,79.77,4736.64,2,0,0,136257.61,North,Male,1
CUST_0627,40,35,49.72,1788.6,2,1,0,55984.43,West,Male,1
CUST_0628,41,35,35.11,1224.5,3,1,0,105596.35,West,Male,0
CUST_0629,48,23,35.64,836.71,3,1,1,31435.29,West,Female,0
CUST_0630,41,7,52.8,392.61,4,0,0,81611.45,East,Male,1
CUST_0631,58,34,58.35,2033.62,4,1,1,48253.13,West,Male,0
CUST_0632,40,54,88.95,4807.44,2,1,1,28159.23,South,Male,1
CUST_0633,44,5,71.38,427.41,4,0,1,20484.32,North,Female,0
CUST_0634,42,53,75.23,4002.66,3,0,1,62217.78,North,Female,1
CUST_0635,33,25,98.64,2497.21,1,0,1,96638.98,South,Female,1
CUST_0636,56,32,52.95,1652.74,2,1,0,79179.95,South,Female,0
CUST_0637,35,10,52.27,630.63,3,1,0,59230.01,West,Female,0
CUST_0638,38,37,93.87,3496.68,4,1,0,148856.0,South,Female,1
CUST_0639,61,11,39.67,472.02,2,1,1,142138.26,East,Male,0
CUST_0640,68,16,78.39,1173.83,1,1,1,36334.93,South,Female,0
CUST_0641,55,44,80.37,3495.14,1,0,0,73963.97,East,Male,1
CUST_0642,67,3,27.82,145.35,1,1,0,104350.1,East,Male,1
CUST_0643,64,27,57.46,1565.76,3,0,1,115353.8,North,Male,0
CUST_0644,47,36,36.04,1201.75,3,1,1,67628.38,South,Male,0
CUST_0645,60,8,34.83,330.55,2,1,0,117016.64,North,Female,0
CUST_0646,40,17,57.11,943.68,3,1,1,36139.5,West,Female,0
CUST_0647,46,20,43.15,933.57,4,0,1,63135.64,East,Female,0
CUST_0648,49,40,83.68,3342.81,4,1,1,113136.31,West,Female,0
CUST_0649,69,59,92.61,5474.23,1,1,0,101338.76,West,Male,1
CUST_0650,64,51,84.22,4354.17,3,1,1,128837.33,North,Female,0
CUST_0651,47,11,41.28,409.21,4,1,1,26091.41,East,Female,0
CUST_0652,55,1,41.93,0.0,4,0,1,42670.92,North,Male,0
CUST_0653,34,3,40.38,111.32,2,0,0,26304.3,West,Female,0
CUST_0654,62,36,30.8,1150.16,2,0,1,44974.85,West,Female,0
CUST_0655,50,9,95.5,792.96,4,1,1,20556.77,East,Female,1
CUST_0656,49,14,52.16,646.84,1,0,0,85547.34,West,Female,1
CUST_0657,60,51,37.98,1978.17,3,1,1,88680.87,West,Female,0
CUST_0658,54,53,87.73,4619.54,1,0,0,105525.93,West,Female,1
CUST_0659,28,51,51.94,2629.33,4,1,1,70038.62,North,Male,0
CUST_0660,38,15,22.81,249.31,1,0,1,20417.0,North,Female,0
CUST_0661,33,37,32.96,1185.57,1,1,1,107605.85,West,Male,0
CUST_0662,58,37,71.14,2631.8,2,0,0,27057.84,South,Male,1
CUST_0663,26,11,82.63,955.45,1,0,0,132602.16,South,Female,1
CUST_0664,34,33,36.87,1178.15,2,1,1,22945.02,North,Male,0
CUST_0665,52,32,93.39,3071.35,2,0,0,88961.77,East,Female,1
CUST_0666,56,24,88.08,2079.69,2,0,1,136339.32,West,Male,0
CUST_0667,48,45,87.87,3920.0,3,0,1,94423.64,West,Male,0
CUST_0668,64,41,38.21,1643.48,3,1,1,99094.18,East,Male,0
CUST_0669,67,32,24.04,779.85,4,0,1,108609.41,East,Male,0
CUST_0670,31,44,89.39,3905.56,2,0,0,35913.15,East,Female,1
CUST_0671,68,46,44.46,2037.4,3,1,1,107740.52,South,Male,0
CUST_0672,53,34,69.51,2430.99,3,1,0,134446.13,East,Female,1
CUST_0673,54,16,80.8,1366.11,1,0,1,146648.71,West,Female,1
CUST_0674,29,46,30.26,1351.12,3,0,1,77596.76,South,Male,0
CUST_0675,53,43,82.47,3544.09,4,0,1,64785.63,South,Female,1
CUST_0676,58,59,95.08,5614.23,2,0,0,117930.25,East,Male,1
CUST_0677,51,9,78.27,655.12,1,1,1,90573.66,East,Male,1
CUST_0678,28,25,55.3,1379.72,2,0,1,53449.61,North,Female,0
CUST_0679,49,56,90.13,5047.55,2,1,1,42380.53,South,Female,0
CUST_0680,68,31,62.2,1985.21,3,1,1,42129.94,East,Female,0
CUST_0681,58,57,79.58,4596.43,4,0,1,79693.01,East,Male,1
CUST_0682,31,0,85.64,0.0,3,0,1,42116.17,East,Male,0
CUST_0683,69,2,79.95,149.2,1,0,1,22563.46,West,Female,1
CUST_0684,69,48,43.03,2098.65,2,1,1,26771.54,East,Female,0
CUST_0685,32,21,29.43,588.77,3,1,1,140884.99,East,Female,0
CUST_0686,61,31,39.07,1240.6,2,0,0,29484.97,South,Male,0
CUST_0687,43,26,60.23,1561.58,3,0,0,29513.49,South,Female,1
CUST_0688,52,24,60.42,1401.61,3,1,0,78654.5,West,Male,0
CUST_0689,45,57,66.61,3748.93,2,0,1,51863.04,South,Male,0
CUST_0690,61,5,51.61,330.4,3,0,1,145150.2,East,Male,0
CUST_0691,70,47,82.95,3890.83,2,0,0,138428.16,North,Male,1
CUST_0692,61,54,93.05,5106.72,1,1,0,72616.62,North,Female,0
CUST_0693,67,40,39.74,1563.92,2,1,1,78335.1,North,Male,0
CUST_0694,68,24,78.92,1908.64,2,0,0,68764.77,North,Female,1
CUST_0695,29,9,74.24,787.79,1,0,0,24922.6,East,Male,1
CUST_0696,36,41,61.85,2482.98,4,0,0,58070.09,East,Female,0
CUST_0697,58,28,35.08,887.35,3,1,1,35947.55,East,Male,0
CUST_0698,52,9,83.62,816.91,1,0,0,33308.14,South,Male,1
CUST_0699,27,21,96.85,1992.51,4,0,0,92912.0,East,Male,1
CUST_0700,29,58,77.75,4508.46,4,0,1,32839.43,North,Female,0
CUST_0701,48,16,93.43,1465.58,1,1,0,33381.07,South,Male,1
CUST_0702,53,10,98.73,1000.71,1,0,0,82466.78,North,Female,1
CUST_0703,32,41,48.16,1927.03,2,1,1,77496.71,North,Female,0
CUST_0704,32,12,71.06,843.72,3,1,1,37892.52,North,Male,0
CUST_0705,30,56,57.91,3265.45,3,1,0,20578.37,North,Female,0
CUST_0706,50,52,98.93,5093.94,2,0,0,45086.68,South,Male,1
CUST_0707,25,59,27.5,1587.5,3,0,0,50665.99,East,Male,1
CUST_0708,51,55,52.99,2897.08,1,0,1,124032.3,East,Male,0
CUST_0709,46,14,90.04,1189.12,3,0,1,139006.99,South,Female,0
CUST_0710,46,12,42.72,491.51,4,1,0,72772.77,North,Female,0
CUST_0711,56,20,83.02,1666.34,3,0,1,72653.47,North,Male,0
CUST_0712,49,28,50.62,1397.38,2,0,1,112622.57,East,Male,0
CUST_0713,58,53,98.4,5201.63,2,1,0,101499.86,West,Female,1
CUST_0714,60,44,90.68,3988.92,4,0,0,43938.22,South,Male,1
CUST_0715,67,39,44.11,1687.5,1,0,1,33999.59,North,Female,0
CUST_0716,61,53,81.62,4360.41,2,1,1,76889.55,South,Female,0
CUST_0717,48,39,46.95,1902.85,1,1,1,93427.69,North,Male,0
CUST_0718,47,23,68.51,1552.51,4,1,0,38031.99,North,Female,0
CUST_0719,35,25,72.68,1841.26,2,0,0,58125.55,South,Male,1
CUST_0720,52,31,86.37,2665.49,4,1,0,59772.59,West,Female,1
CUST_0721,31,5,21.96,128.07,3,1,0,53968.77,East,Male,1
CUST_0722,67,45,37.61,1770.74,3,0,0,79898.96,West,Female,0
CUST_0723,63,39,76.95,3026.48,3,0,0,104898.27,South,Female,0
CUST_0724,30,44,65.08,2774.85,1,1,1,86220.68,South,Male,0
CUST_0725,61,32,59.65,1931.5,3,0,1,46189.35,South,Male,0
CUST_0726,30,47,24.42,1209.38,3,0,1,33382.08,North,Female,0
CUST_0727,58,57,47.86,2716.94,4,1,1,126843.16,South,Female,0
CUST_0728,29,34,89.21,3082.92,3,1,0,82309.61,South,Male,1
CUST_0729,47,27,22.47,572.18,4,0,1,28078.09,South,Male,0
CUST_0730,55,6,51.71,235.98,4,1,0,53555.79,North,Male,1
CUST_0731,58,47,95.61,4500.73,3,1,1,124524.39,East,Female,0
CUST_0732,44,55,24.07,1236.03,2,1,1,117724.42,West,Female,0
CUST_0733,67,42,79.98,3347.17,1,0,0,133856.16,West,Male,1
CUST_0734,60,52,40.61,2176.06,2,0,1,98271.42,North,Male,0
CUST_0735,34,52,89.33,4549.67,4,1,1,74977.77,North,Male,1
CUST_0736,55,48,79.69,3761.15,1,0,0,75462.55,West,Male,1
CUST_0737,58,30,90.86,2674.2,2,1,0,45220.01,West,Female,1
CUST_0738,40,6,37.27,220.45,3,1,1,104603.86,East,Female,0
CUST_0739,58,0,62.5,0.0,1,0,0,96058.94,South,Female,1
CUST_0740,66,12,82.34,1058.04,4,1,1,40132.37,East,Male,0
CUST_0741,62,26,39.66,1078.88,3,1,0,135136.18,East,Male,0
CUST_0742,60,45,38.46,1755.46,1,1,1,67900.87,West,Male,0
CUST_0743,54,27,22.17,605.87,1,1,0,26466.04,East,Male,0
CUST_0744,37,1,96.68,116.34,3,1,0,62624.52,North,Female,1
CUST_0745,61,12,76.8,878.5,4,1,1,133081.37,East,Male,0
CUST_0746,41,59,70.84,4222.42,4,1,0,139204.36,West,Female,0
CUST_0747,49,60,79.52,4715.6,4,1,1,83751.79,South,Male,0
CUST_0748,39,23,62.53,1479.96,1,0,0,144324.19,North,Female,1
CUST_0749,39,49,58.09,2905.72,3,0,0,133781.44,North,Male,1
CUST_0750,32,43,55.96,2416.82,1,0,1,127279.99,West,Male,0
CUST_0751,69,56,71.24,3980.63,1,1,0,131762.31,South,Male,1
CUST_0752,31,54,36.12,1970.5,3,0,0,69643.8,East,Female,1
CUST_0753,28,38,91.04,3316.44,2,1,1,118340.96,West,Female,1
CUST_0754,68,24,84.94,2053.67,3,0,1,95054.07,North,Female,0
CUST_0755,50,38,47.97,1817.19,4,0,1,113558.92,North,Female,0
CUST_0756,45,19,66.29,1256.98,1,0,1,43112.19,West,Male,0
CUST_0757,58,21,31.28,692.21,3,1,1,115081.21,East,Male,0
CUST_0758,42,37,97.79,3614.49,4,1,1,144487.02,North,Male,0
CUST_0759,30,34,92.23,3078.81,2,1,1,59346.23,East,Male,0
CUST_0760,58,35,93.75,3274.18,3,1,0,148200.97,North,Male,1
CUST_0761,33,23,46.57,1074.49,2,0,1,69188.88,West,Male,0
CUST_0762,50,24,33.53,810.47,4,1,0,45964.05,West,Female,1
CUST_0763,68,0,36.94,8.1,1,0,1,34597.21,West,Male,0
CUST_0764,68,36,27.2,1031.17,4,0,0,122045.05,South,Male,1
CUST_0765,41,35,29.61,982.05,4,1,1,92127.3,South,Male,0
CUST_0766,60,57,25.7,1473.69,4,1,1,59927.07,West,Female,0
CUST_0767,53,30,99.19,3040.2,2,0,1,99098.55,East,Female,0
CUST_0768,47,28,25.92,639.03,3,1,1,63173.15,East,Female,0
CUST_0769,31,4,30.6,131.38,2,0,0,78286.51,North,Male,0
CUST_0770,42,12,86.18,1004.89,2,1,0,132146.34,East,Male,0
CUST_0771,54,20,66.42,1309.86,4,1,0,106861.64,East,Male,0
CUST_0772,70,23,81.95,1839.61,3,1,1,119112.24,South,Female,0
CUST_0773,25,22,70.47,1541.86,3,1,1,95854.16,West,Male,1
CUST_0774,58,24,90.57,2265.74,1,1,0,148881.75,North,Male,1
CUST_0775,63,46,71.08,3206.46,4,0,0,51383.31,East,Male,1
CUST_0776,68,7,61.77,373.91,3,1,0,54097.85,West,Male,1
CUST_0777,44,20,77.02,1475.3,4,0,1,32032.66,East,Male,0
CUST_0778,30,9,55.79,588.48,1,0,0,92022.54,North,Female,1
CUST_0779,37,18,47.69,835.3,3,1,1,99736.7,East,Female,0
CUST_0780,64,41,57.41,2352.53,3,1,1,114375.0,East,Male,0
CUST_0781,65,2,33.58,47.02,3,0,0,63607.97,East,Male,0
CUST_0782,54,20,83.73,1627.38,1,0,0,21593.38,South,Female,1
CUST_0783,30,1,40.86,29.1,2,1,1,102189.84,East,Female,0
CUST_0784,30,58,32.28,1995.15,2,0,0,149830.41,South,Female,0
CUST_0785,46,44,39.71,1816.84,3,0,1,58291.42,East,Female,0
CUST_0786,52,14,87.37,1180.53,1,0,1,43911.48,East,Male,0
CUST_0787,26,12,46.42,589.42,2,0,1,56629.7,East,Male,0
CUST_0788,56,6,74.88,407.7,3,1,1,75304.01,West,Male,0
CUST_0789,50,28,88.51,2389.46,1,1,1,52618.68,West,Male,0
CUST_0790,25,45,26.22,1230.88,4,1,0,65104.8,West,Male,0
CUST_0791,29,35,81.2,2900.0,3,0,0,102966.88,West,Male,1
CUST_0792,45,53,44.61,2416.63,1,1,0,64853.64,West,Female,0
CUST_0793,58,20,37.33,723.11,1,1,1,71487.66,North,Female,0
CUST_0794,62,16,75.11,1193.42,4,0,1,25204.06,South,Female,1
CUST_0795,44,29,92.78,2728.11,2,0,0,139332.53,East,Male,0
CUST_0796,38,12,43.6,542.77,4,0,0,72895.17,South,Male,0
CUST_0797,69,59,65.51,3845.41,2,1,1,62658.66,East,Female,0
CUST_0798,46,11,43.19,394.14,2,1,0,31242.95,North,Female,0
CUST_0799,39,29,64.34,1871.55,2,0,1,102443.82,North,Female,0
CUST_0800,45,31,69.75,2216.2,3,0,1,132297.24,East,Female,0
CUST_0801,25,3,68.83,146.61,1,0,0,25349.92,West,Male,1
CUST_0802,38,28,69.88,1988.58,2,1,0,38885.42,South,Female,1
CUST_0803,48,27,30.81,848.45,2,0,0,39030.68,South,Male,0
CUST_0804,67,15,75.48,1169.71,1,0,1,98295.73,East,Male,1
CUST_0805,58,7,73.98,561.46,2,0,0,139759.97,South,Female,1
CUST_0806,60,2,74.61,114.5,3,1,0,76909.89,North,Male,1
CUST_0807,50,0,25.93,0.0,3,0,1,64694.84,East,Male,0
CUST_0808,30,29,55.75,1590.07,1,1,0,119559.29,West,Male,0
CUST_0809,42,5,52.72,308.06,4,1,1,116533.98,East,Male,0
CUST_0810,70,58,26.94,1535.42,4,1,0,52078.3,West,Male,0
CUST_0811,27,14,37.79,494.36,3,0,0,40907.43,East,Male,1
CUST_0812,65,39,55.28,2064.85,4,0,0,66515.3,West,Male,0
CUST_0813,56,41,79.43,3344.26,2,0,0,120828.44,North,Female,0
CUST_0814,38,30,38.96,1210.09,4,1,0,110358.24,North,Male,1
CUST_0815,60,53,86.38,4616.63,3,1,1,106560.98,North,Female,0
CUST_0816,63,6,63.66,430.35,3,1,0,127825.71,West,Male,0
CUST_0817,26,14,80.83,1160.46,1,1,1,56026.94,East,Female,1
CUST_0818,29,15,57.8,854.78,3,1,1,64158.88,North,Male,0
CUST_0819,55,8,59.94,471.33,4,0,1,25504.13,West,Male,0
CUST_0820,70,17,69.58,1161.48,4,1,1,132936.95,South,Male,0
CUST_0821,26,19,94.24,1922.3,2,1,0,95715.87,East,Female,1
CUST_0822,55,46,59.35,2757.9,1,0,0,58755.9,North,Female,0
CUST_0823,31,18,62.29,1098.03,3,1,1,29024.15,North,Female,0
CUST_0824,54,53,68.16,3635.75,1,0,1,114043.24,South,Female,0
CUST_0825,53,47,79.0,3662.46,1,0,0,117335.88,North,Female,1
CUST_0826,29,55,25.75,1491.48,3,0,1,106603.22,East,Male,0
CUST_0827,56,6,61.25,334.45,4,0,1,46491.53,North,Male,0
CUST_0828,66,60,58.53,3536.85,2,0,1,138718.09,North,Female,0
CUST_0829,64,37,93.73,3521.31,2,0,0,117910.54,East,Female,1
CUST_0830,26,59,59.48,3528.56,2,1,0,105508.32,South,Male,1
CUST_0831,36,21,57.47,1211.59,2,0,0,104622.71,East,Female,0
CUST_0832,36,58,96.98,5625.38,1,0,0,137566.5,East,Female,1
CUST_0833,45,35,56.05,1958.93,3,1,0,140679.93,West,Male,0
CUST_0834,31,4,34.47,109.05,3,0,0,97432.86,West,Female,1
CUST_0835,64,25,37.35,911.28,2,0,0,74167.02,North,Female,0
CUST_0836,60,8,27.62,294.94,2,0,0,67285.42,East,Male,0
CUST_0837,62,57,20.05,1137.42,4,1,0,126480.25,East,Female,1
CUST_0838,34,18,54.56,942.79,1,0,0,103798.69,East,Female,0
CUST_0839,25,13,81.54,1034.21,1,1,0,30044.58,West,Female,1
CUST_0840,66,33,78.68,2651.46,1,0,1,38484.18,North,Female,1
CUST_0841,38,25,22.57,598.03,4,0,1,137024.17,South,Female,0
CUST_0842,55,5,65.6,356.02,2,1,1,134984.76,West,Female,0
CUST_0843,66,49,32.34,1571.78,1,1,1,143738.22,West,Female,0
CUST_0844,26,51,95.29,4888.46,4,0,0,75620.63,North,Male,1
CUST_0845,25,45,33.39,1470.37,1,0,1,121927.92,South,Male,0
CUST_0846,25,37,70.13,2581.83,2,1,0,127669.25,South,Male,0
CUST_0847,32,24,46.1,1154.89,1,0,1,61040.6,North,Male,0
CUST_0848,27,33,71.32,2397.27,3,0,0,38893.9,North,Female,1
CUST_0849,62,31,52.98,1593.28,3,1,0,149613.43,East,Female,1
CUST_0850,52,10,80.77,764.92,4,0,0,23928.5,East,Male,1
CUST_0851,70,4,38.45,159.24,2,1,0,97653.67,East,Male,1
CUST_0852,61,15,92.46,1473.21,2,1,1,104527.6,South,Female,0
CUST_0853,69,27,60.02,1524.76,4,1,1,108632.61,West,Male,0
CUST_0854,35,9,80.49,738.33,4,0,0,53231.61,East,Female,1
CUST_0855,38,6,87.98,459.08,1,0,0,113805.3,West,Male,1
CUST_0856,64,51,99.91,5063.69,3,0,1,48131.94,South,Male,0
CUST_0857,36,22,37.92,816.02,4,0,1,127774.97,North,Male,0
CUST_0858,27,35,42.95,1482.22,3,1,1,48485.17,South,Male,0
CUST_0859,55,31,40.03,1214.24,3,1,1,110571.78,East,Female,0
CUST_0860,61,44,41.03,1805.68,1,1,1,121843.75,South,Male,0
CUST_0861,69,45,66.6,2970.24,1,1,1,44562.95,West,Male,0
CUST_0862,67,18,99.48,1717.52,1,1,1,50938.24,North,Male,0
CUST_0863,30,51,99.22,5099.21,1,0,0,121283.49,East,Male,1
CUST_0864,60,22,62.14,1404.72,4,0,1,31179.87,South,Female,0
CUST_0865,63,50,71.12,3598.16,3,0,0,44798.92,North,Female,1
CUST_0866,57,24,88.8,2054.16,4,1,0,79219.02,East,Female,1
CUST_0867,62,6,94.63,582.73,2,0,1,140923.65,West,Female,0
CUST_0868,63,46,36.31,1704.06,4,1,0,93044.12,East,Male,0
CUST_0869,45,1,62.28,10.72,1,0,1,70398.12,North,Male,1
CUST_0870,26,47,86.63,4072.07,4,1,1,147188.13,North,Female,0
CUST_0871,45,2,44.26,82.71,1,1,0,80282.47,South,Female,1
CUST_0872,34,12,55.18,754.27,1,0,0,76385.55,East,Female,1
CUST_0873,30,36,98.85,3654.82,1,0,1,73513.76,South,Male,1
CUST_0874,30,57,98.8,5548.38,4,0,1,60583.41,South,Female,0
CUST_0875,57,24,92.49,2344.46,2,0,1,62340.33,West,Female,0
CUST_0876,48,7,83.88,541.4,2,0,0,109418.82,North,Male,0
CUST_0877,49,14,41.53,630.45,2,1,1,25308.63,North,Male,0
CUST_0878,59,54,45.67,2514.7,4,0,0,108636.17,North,Female,0
CUST_0879,50,44,63.78,2756.54,2,0,0,46156.58,West,Male,0
CUST_0880,53,6,64.86,413.82,1,1,0,69947.04,South,Female,1
CUST_0881,28,23,60.44,1384.74,2,1,0,39050.07,North,Female,0
CUST_0882,64,16,70.93,1162.6,2,0,1,91857.64,South,Male,0
CUST_0883,45,10,52.67,538.23,3,1,1,114815.56,West,Male,0
CUST_0884,32,51,79.93,4136.25,4,0,0,66105.22,East,Female,0
CUST_0885,62,37,46.68,1730.93,1,0,1,41244.16,North,Male,0
CUST_0886,58,10,46.45,456.11,4,0,0,49445.73,North,Female,0
CUST_0887,27,39,30.18,1231.82,1,0,1,126354.68,North,Male,0
CUST_0888,33,25,35.1,906.52,3,0,0,54794.34,West,Male,1
CUST_0889,25,3,88.04,300.71,2,1,0,120711.34,North,Female,1
CUST_0890,37,27,55.7,1470.67,2,0,1,63055.92,South,Female,0
CUST_0891,29,11,38.23,368.27,2,0,1,44535.23,South,Female,0
CUST_0892,57,14,80.75,1102.11,2,0,1,114550.11,East,Female,0
CUST_0893,49,53,64.32,3377.92,4,0,1,80910.85,East,Female,0
CUST_0894,70,43,21.69,971.98,4,0,0,24066.04,West,Female,0
CUST_0895,59,8,45.31,411.28,4,1,0,144792.51,South,Female,1
CUST_0896,53,51,34.16,1734.4,2,1,1,39207.95,South,Male,0
CUST_0897,48,35,72.47,2608.0,3,1,1,65942.91,South,Male,0
CUST_0898,27,53,42.0,2294.42,2,0,0,70023.3,North,Female,0
CUST_0899,28,45,25.2,1146.17,4,1,0,83625.89,East,Female,0
CUST_0900,53,20,24.39,446.71,3,1,1,122107.72,East,Female,0
CUST_0901,25,32,66.54,2208.05,2,1,0,20791.74,South,Female,0
CUST_0902,26,32,21.74,692.63,2,0,0,141221.37,West,Female,1
CUST_0903,35,43,87.9,3786.01,2,1,1,103978.63,North,Female,0
CUST_0904,65,15,32.43,469.47,3,0,0,143584.35,West,Male,1
CUST_0905,46,20,68.53,1326.11,3,1,0,126260.64,East,Male,0
CUST_0906,57,14,55.58,704.69,2,0,1,140618.97,North,Male,0
CUST_0907,43,18,55.43,1029.38,4,1,0,98130.07,East,Female,1
CUST_0908,32,9,25.74,192.49,4,0,1,66450.17,West,Female,0
CUST_0909,42,2,84.22,321.42,2,1,1,77578.83,South,Male,0
CUST_0910,29,57,91.44,5157.78,4,0,0,105544.2,South,Male,1
CUST_0911,60,4,20.88,20.65,1,1,1,75501.14,West,Male,1
CUST_0912,33,54,34.29,1877.17,4,0,1,115117.46,North,Male,0
CUST_0913,42,0,92.31,76.47,2,1,0,31940.24,North,Male,1
CUST_0914,70,47,63.96,3009.35,3,1,1,127898.26,East,Male,0
CUST_0915,52,20,32.0,668.61,2,0,0,46544.52,West,Female,0
CUST_0916,46,31,36.22,1030.64,2,0,0,142713.19,East,Female,0
CUST_0917,49,17,72.8,1203.72,2,1,1,40220.95,North,Male,1
CUST_0918,61,29,77.99,2208.03,3,0,1,36791.35,East,Male,1
CUST_0919,36,27,67.95,1739.9,1,0,1,125543.89,South,Female,0
CUST_0920,54,32,96.25,3085.85,4,1,1,126431.24,West,Female,0
CUST_0921,65,23,59.53,1257.05,4,0,1,116038.72,East,Female,0
CUST_0922,51,32,44.02,1342.53,3,0,0,144868.96,South,Female,0
CUST_0923,45,50,58.18,2882.14,3,0,0,55170.15,East,Male,1
CUST_0924,31,26,48.77,1226.46,3,0,1,127464.34,East,Female,0
CUST_0925,36,22,37.95,854.72,1,0,1,65765.27,East,Female,0
CUST_0926,68,8,23.68,204.72,3,0,0,89861.82,South,Female,0
CUST_0927,49,21,48.18,1056.47,1,0,0,77928.0,East,Female,0
CUST_0928,38,7,76.91,575.99,3,0,1,20760.5,North,Male,0
CUST_0929,44,11,21.48,293.32,2,0,0,94680.09,South,Male,0
CUST_0930,51,58,55.13,3197.44,3,0,0,117175.77,South,Female,0
CUST_0931,49,5,71.52,372.77,4,0,1,42691.81,East,Male,0
CUST_0932,57,29,68.83,2021.65,1,1,0,141115.26,West,Male,1
CUST_0933,36,50,82.13,4113.58,3,0,1,88951.94,West,Male,0
CUST_0934,54,58,84.84,4900.86,2,1,1,43171.98,South,Female,0
CUST_0935,45,8,76.94,598.9,2,1,1,103973.18,East,Male,1
CUST_0936,68,9,28.22,213.1,3,1,1,44949.95,North,Male,0
CUST_0937,32,22,58.0,1297.08,4,1,1,28259.34,South,Female,0
CUST_0938,31,33,68.27,2248.21,1,0,1,109090.98,East,Female,0
CUST_0939,46,58,39.65,2266.54,4,1,0,34390.33,East,Male,0
CUST_0940,48,12,23.4,247.69,4,0,1,33808.27,West,Female,0
CUST_0941,56,10,37.89,318.38,3,1,1,116192.66,South,Female,0
CUST_0942,43,15,56.39,894.79,3,0,0,27176.29,West,Male,1
CUST_0943,67,53,53.11,2818.76,2,0,0,125269.99,West,Male,0
CUST_0944,46,1,34.13,0.0,1,0,0,123499.34,East,Female,1
CUST_0945,30,23,85.95,2017.28,3,0,0,38381.15,North,Male,1
CUST_0946,30,7,94.05,630.33,4,0,0,87389.48,South,Male,1
CUST_0947,69,9,36.11,254.66,1,1,1,32561.31,West,Female,1
CUST_0948,31,55,94.37,5241.41,3,0,0,102234.26,East,Male,1
CUST_0949,68,0,21.43,0.0,3,1,0,28180.9,West,Male,1
CUST_0950,37,19,94.0,1765.56,4,0,0,142782.51,West,Male,1
CUST_0951,29,55,96.15,5290.31,2,1,0,47005.0,North,Male,1
CUST_0952,39,37,20.96,832.65,2,0,1,108776.31,West,Male,0
CUST_0953,53,4,81.04,325.16,2,0,0,36677.89,South,Male,1
CUST_0954,44,28,97.62,2673.4,4,0,1,47247.54,West,Female,0
CUST_0955,61,59,92.47,5482.92,4,1,0,78623.45,East,Female,1
CUST_0956,53,24,97.66,2319.59,2,1,0,94502.5,South,Female,1
CUST_0957,43,32,64.03,2143.36,4,0,1,149852.22,North,Male,0
CUST_0958,54,32,26.25,839.94,3,0,0,23370.41,North,Male,0
CUST_0959,69,40,87.98,3407.45,2,1,1,20040.87,East,Male,1
CUST_0960,43,11,69.11,778.08,1,1,1,65547.72,East,Female,1
CUST_0961,32,51,69.18,3625.41,3,0,1,67600.33,East,Female,0
CUST_0962,43,60,53.38,3281.6,3,0,0,134898.84,North,Female,0
CUST_0963,63,8,65.75,617.55,4,0,0,138635.73,East,Female,1
CUST_0964,35,49,32.29,1531.22,3,1,0,134468.25,North,Female,0
CUST_0965,68,49,79.18,3925.43,1,1,0,38613.24,North,Male,1
CUST_0966,52,45,26.0,1133.9,3,0,0,73573.63,South,Male,0
CUST_0967,52,22,78.38,1735.57,3,0,1,116965.07,East,Female,0
CUST_0968,39,28,87.92,2398.11,2,0,0,60639.44,East,Female,0
CUST_0969,67,51,57.8,2915.58,2,1,1,106220.94,West,Male,1
CUST_0970,26,9,60.79,513.3,4,0,0,50828.57,West,Male,1
CUST_0971,38,50,44.98,2293.93,3,0,0,62044.5,South,Female,0
CUST_0972,44,56,97.56,5503.4,3,0,1,131855.85,West,Female,1
CUST_0973,46,41,78.65,3238.49,2,0,0,52566.17,North,Female,1
CUST_0974,46,20,49.52,922.88,2,1,0,145362.13,West,Female,0
CUST_0975,31,34,33.98,1139.74,3,0,1,59813.74,South,Female,0
CUST_0976,35,3,37.57,75.4,4,0,1,23058.65,West,Female,0
CUST_0977,29,56,57.11,3241.64,3,1,1,53137.12,West,Male,0
CUST_0978,51,20,95.41,1967.11,3,0,1,42256.64,East,Male,0
CUST_0979,41,3,78.73,289.01,1,0,1,85887.51,West,Female,1
CUST_0980,51,48,37.22,1748.8,4,1,1,34653.09,North,Male,0
CUST_0981,52,40,88.76,3413.42,1,1,1,101386.35,North,Male,0
CUST_0982,57,37,50.26,1771.27,4,0,0,133736.88,East,Female,0
CUST_0983,50,3,88.14,335.5,2,0,1,67127.45,East,Male,0
CUST_0984,54,45,39.34,1750.24,4,1,0,41904.05,North,Male,1
CUST_0985,52,38,69.49,2603.08,4,0,0,72003.25,East,Male,1
CUST_0986,55,48,94.13,4600.37,4,1,0,122175.69,North,Male,1
CUST_0987,53,50,40.63,2094.76,4,1,1,96893.4,West,Female,0
CUST_0988,39,12,75.43,906.38,3,0,0,33148.62,North,Female,1
CUST_0989,36,12,98.99,1173.21,4,1,1,89834.33,South,Female,0
CUST_0990,61,56,32.05,1788.19,1,0,0,80851.1,West,Female,0
CUST_0991,40,32,27.07,877.6,1,1,1,62524.59,East,Female,0
CUST_0992,50,26,73.94,2002.44,3,0,1,34320.88,East,Male,0
CUST_0993,34,17,47.18,823.18,4,0,1,147544.55,East,Male,0
CUST_0994,44,38,25.7,1012.9,4,1,0,42885.63,West,Male,1
CUST_0995,49,45,58.02,2669.36,3,1,1,45056.58,South,Male,0
CUST_0996,53,0,80.3,0.0,3,0,0,38925.75,West,Female,1
CUST_0997,49,33,42.81,1450.47,3,1,1,94125.1,East,Male,0
CUST_0998,41,60,46.8,2793.27,4,0,0,77677.04,West,Male,0
CUST_0999,69,17,87.66,1364.42,4,0,1,52442.43,East,Male,0
CUST_1000,48,17,61.61,940.96,1,0,1,75825.04,North,Male,0
